,c_connector_arm_Q,cross_Q,ground_main_plane,misc
c_connector_arm_Q,39.89131,-1.26386,-38.30635,4
cross_Q,-1.26386,26.60275,-24.58968,50
ground_main_plane,-38.30635,-24.58968,100.3755,10
c_connector_arm_Q,39.94677,-1.22037,-38.46024,4
cross_Q,-1.22037,52.17916,-49.52535,100
ground_main_plane,-38.46024,-49.52535,130.07129,10
c_connector_arm_Q,58.39786,-2.47088,-55.4998,4
cross_Q,-2.47088,52.16128,-48.25596,100
ground_main_plane,-55.4998,-48.25596,145.68974,60
c_connector_arm_Q,39.79974,-1.15903,-38.40208,4
cross_Q,-1.15903,79.50374,-76.59376,150
ground_main_plane,-38.40208,-76.59376,162.51748,10
c_connector_arm_Q,58.34737,-2.26128,-55.71162,4
cross_Q,-2.26128,79.57994,-75.56421,150
ground_main_plane,-55.71162,-75.56421,178.45546,60
c_connector_arm_Q,77.34422,-4.17628,-72.66248,4
cross_Q,-4.17628,79.5873,-73.64334,150
ground_main_plane,-72.66248,-73.64334,193.33395,110
c_connector_arm_Q,39.31992,-1.12075,-37.98209,4
cross_Q,-1.12075,107.37334,-104.19979,200
ground_main_plane,-37.98209,-104.19979,194.75333,10
c_connector_arm_Q,58.30815,-2.1704,-55.8046,4
cross_Q,-2.1704,107.79069,-103.55363,200
ground_main_plane,-55.8046,-103.55363,211.24741,60
c_connector_arm_Q,77.46977,-3.85448,-73.17246,4
cross_Q,-3.85448,107.80772,-101.88594,200
ground_main_plane,-73.17246,-101.88594,226.72652,110
c_connector_arm_Q,96.46999,-5.98044,-89.93178,4
cross_Q,-5.98044,107.76502,-99.71555,200
ground_main_plane,-89.93178,-99.71555,241.21203,160
c_connector_arm_Q,39.84951,-1.10305,-38.56154,4
cross_Q,-1.10305,136.20358,-132.83872,250
ground_main_plane,-38.56154,-132.83872,228.13308,10
c_connector_arm_Q,58.30787,-2.12523,-55.89282,4
cross_Q,-2.12523,136.15672,-131.76883,250
ground_main_plane,-55.89282,-131.76883,244.3237,60
c_connector_arm_Q,77.41446,-3.744,-73.28781,4
cross_Q,-3.744,136.24581,-130.23081,250
ground_main_plane,-73.28781,-130.23081,259.94893,110
c_connector_arm_Q,96.51409,-5.60673,-90.42145,4
cross_Q,-5.60673,136.21154,-128.33176,250
ground_main_plane,-90.42145,-128.33176,275.08995,160
c_connector_arm_Q,115.75884,-7.81492,-107.36183,4
cross_Q,-7.81492,136.30847,-126.22712,250
ground_main_plane,-107.36183,-126.22712,289.74045,210
c_connector_arm_Q,39.87289,-1.08546,-38.63417,4
cross_Q,-1.08546,164.99797,-161.52181,300
ground_main_plane,-38.63417,-161.52181,261.64847,10
c_connector_arm_Q,58.38682,-2.09514,-56.04439,4
cross_Q,-2.09514,164.99295,-160.48085,300
ground_main_plane,-56.04439,-160.48085,277.8912,60
c_connector_arm_Q,77.38192,-3.68261,-73.37265,4
cross_Q,-3.68261,164.91224,-158.81289,300
ground_main_plane,-73.37265,-158.81289,293.49876,110
c_connector_arm_Q,96.44719,-5.47047,-90.55821,4
cross_Q,-5.47047,164.88552,-156.99768,300
ground_main_plane,-90.55821,-156.99768,308.77094,160
c_connector_arm_Q,115.95469,-7.3934,-108.06504,4
cross_Q,-7.3934,165.20736,-155.40285,300
ground_main_plane,-108.06504,-155.40285,324.37636,210
c_connector_arm_Q,134.77098,-9.62328,-124.56909,4
cross_Q,-9.62328,164.92819,-152.88652,300
ground_main_plane,-124.56909,-152.88652,338.41773,260
c_connector_arm_Q,39.75203,-1.07159,-38.52358,4
cross_Q,-1.07159,193.46402,-189.89591,350
ground_main_plane,-38.52358,-189.89591,294.95158,10
c_connector_arm_Q,58.35925,-2.07199,-56.05847,4
cross_Q,-2.07199,193.61265,-189.0349,350
ground_main_plane,-56.05847,-189.0349,311.3457,60
c_connector_arm_Q,77.3508,-3.64151,-73.4004,4
cross_Q,-3.64151,193.60154,-187.45101,350
ground_main_plane,-73.4004,-187.45101,327.00104,110
c_connector_arm_Q,96.56415,-5.39772,-90.77921,4
cross_Q,-5.39772,193.72648,-185.8121,350
ground_main_plane,-90.77921,-185.8121,342.49011,160
c_connector_arm_Q,115.75544,-7.24569,-108.04974,4
cross_Q,-7.24569,193.68266,-183.92063,350
ground_main_plane,-108.04974,-183.92063,357.78423,210
c_connector_arm_Q,134.72241,-9.1911,-124.99807,4
cross_Q,-9.1911,193.63361,-181.92719,350
ground_main_plane,-124.99807,-181.92719,372.70495,260
c_connector_arm_Q,153.96324,-11.44221,-141.91017,4
cross_Q,-11.44221,193.76033,-179.79543,350
ground_main_plane,-141.91017,-179.79543,387.27002,310
c_connector_arm_Q,39.84107,-1.06533,-38.64325,4
cross_Q,-1.06533,222.25189,-218.40868,400
ground_main_plane,-38.64325,-218.40868,327.57223,10
c_connector_arm_Q,57.51285,-2.04813,-55.24177,4
cross_Q,-2.04813,220.85177,-216.04401,400
ground_main_plane,-55.24177,-216.04401,342.33985,60
c_connector_arm_Q,77.41882,-3.59941,-73.52319,4
cross_Q,-3.59941,222.33686,-215.94901,400
ground_main_plane,-73.52319,-215.94901,359.6871,110
c_connector_arm_Q,96.51972,-5.32604,-90.81916,4
cross_Q,-5.32604,222.39439,-214.27921,400
ground_main_plane,-90.81916,-214.27921,375.20435,160
c_connector_arm_Q,115.61602,-7.11964,-108.02985,4
cross_Q,-7.11964,222.33987,-212.43017,400
ground_main_plane,-108.02985,-212.43017,390.46956,210
c_connector_arm_Q,134.55679,-8.97036,-125.04303,4
cross_Q,-8.97036,222.20386,-210.4466,400
ground_main_plane,-125.04303,-210.4466,405.48876,260
c_connector_arm_Q,153.97214,-10.93142,-142.41403,4
cross_Q,-10.93142,222.42698,-208.69931,400
ground_main_plane,-142.41403,-208.69931,420.89662,310
c_connector_arm_Q,172.99156,-13.17212,-159.123,4
cross_Q,-13.17212,222.38896,-206.41929,400
ground_main_plane,-159.123,-206.41929,435.2524,360
c_connector_arm_Q,39.90888,-1.06266,-38.72291,4
cross_Q,-1.06266,251.55567,-247.82585,450
ground_main_plane,-38.72291,-247.82585,361.87695,10
c_connector_arm_Q,58.31503,-2.05749,-56.07099,4
cross_Q,-2.05749,251.24485,-246.52093,450
ground_main_plane,-56.07099,-246.52093,377.92071,60
c_connector_arm_Q,77.41413,-3.61038,-73.54867,4
cross_Q,-3.61038,251.47603,-245.19978,450
ground_main_plane,-73.54867,-245.19978,393.95496,110
c_connector_arm_Q,96.47081,-5.33796,-90.81384,4
cross_Q,-5.33796,251.42402,-243.42087,450
ground_main_plane,-90.81384,-243.42087,409.37788,160
c_connector_arm_Q,115.96794,-7.12571,-108.45685,4
cross_Q,-7.12571,251.7823,-241.99691,450
ground_main_plane,-108.45685,-241.99691,425.45427,210
c_connector_arm_Q,135.15709,-8.96171,-125.74893,4
cross_Q,-8.96171,251.71633,-240.09269,450
ground_main_plane,-125.74893,-240.09269,440.79883,260
c_connector_arm_Q,154.29393,-10.84582,-142.93682,4
cross_Q,-10.84582,251.71297,-238.20225,450
ground_main_plane,-142.93682,-238.20225,456.01175,310
c_connector_arm_Q,173.05331,-12.80416,-159.67868,4
cross_Q,-12.80416,251.44754,-235.98246,450
ground_main_plane,-159.67868,-235.98246,470.54775,360
c_connector_arm_Q,191.94633,-15.07183,-176.25052,4
cross_Q,-15.07183,251.36632,-233.62353,450
ground_main_plane,-176.25052,-233.62353,484.72136,410
c_connector_arm_Q,39.79438,-1.05807,-38.61519,4
cross_Q,-1.05807,279.96945,-276.20435,500
ground_main_plane,-38.61519,-276.20435,394.60171,10
c_connector_arm_Q,58.42391,-2.04531,-56.19534,4
cross_Q,-2.04531,280.23975,-275.49481,500
ground_main_plane,-56.19534,-275.49481,411.32558,60
c_connector_arm_Q,77.54204,-3.60997,-73.69565,4
cross_Q,-3.60997,280.48224,-274.17386,500
ground_main_plane,-73.69565,-274.17386,427.33742,110
c_connector_arm_Q,96.44794,-5.32213,-90.83652,4
cross_Q,-5.32213,280.16416,-272.13836,500
ground_main_plane,-90.83652,-272.13836,442.51568,160
c_connector_arm_Q,115.71417,-7.10179,-108.26554,4
cross_Q,-7.10179,280.39793,-270.59477,500
ground_main_plane,-108.26554,-270.59477,458.22243,210
c_connector_arm_Q,134.81164,-8.90249,-125.50459,4
cross_Q,-8.90249,280.33819,-268.7325,500
ground_main_plane,-125.50459,-268.7325,473.55974,260
c_connector_arm_Q,154.62292,-10.77517,-143.41391,4
cross_Q,-10.77517,280.98448,-267.52868,500
ground_main_plane,-143.41391,-267.52868,490.08847,310
c_connector_arm_Q,173.93708,-12.64657,-160.80257,4
cross_Q,-12.64657,280.86971,-265.5742,500
ground_main_plane,-160.80257,-265.5742,505.38739,360
c_connector_arm_Q,193.12722,-14.62562,-177.96045,4
cross_Q,-14.62562,280.83134,-263.55402,500
ground_main_plane,-177.96045,-263.55402,520.48575,410
c_connector_arm_Q,212.37454,-16.88889,-194.89011,4
cross_Q,-16.88889,280.84572,-261.30601,500
ground_main_plane,-194.89011,-261.30601,535.05502,460
c_connector_arm_Q,40.369,-1.19735,-38.84869,5
cross_Q,-1.19735,26.6053,-24.66164,50
ground_main_plane,-38.84869,-24.66164,101.02375,10
c_connector_arm_Q,40.43705,-1.15977,-39.00793,5
cross_Q,-1.15977,52.17833,-49.5836,100
ground_main_plane,-39.00793,-49.5836,130.70379,10
c_connector_arm_Q,58.94456,-2.31495,-56.22709,5
cross_Q,-2.31495,52.10399,-48.35865,100
ground_main_plane,-56.22709,-48.35865,146.5534,60
c_connector_arm_Q,40.28228,-1.10388,-38.93839,5
cross_Q,-1.10388,79.55323,-76.69673,150
ground_main_plane,-38.93839,-76.69673,163.0853,10
c_connector_arm_Q,58.91833,-2.12495,-56.41852,5
cross_Q,-2.12495,79.58467,-75.70436,150
ground_main_plane,-56.41852,-75.70436,179.3217,60
c_connector_arm_Q,78.01743,-3.91921,-73.59985,5
cross_Q,-3.91921,79.58348,-73.88699,150
ground_main_plane,-73.59985,-73.88699,194.52632,110
c_connector_arm_Q,39.80107,-1.06659,-38.51811,5
cross_Q,-1.06659,107.36909,-104.25243,200
ground_main_plane,-38.51811,-104.25243,195.3207,10
c_connector_arm_Q,58.87989,-2.03668,-56.51266,5
cross_Q,-2.03668,107.80983,-103.69524,200
ground_main_plane,-56.51266,-103.69524,212.07556,60
c_connector_arm_Q,78.12296,-3.61149,-74.07378,5
cross_Q,-3.61149,107.8225,-102.1338,200
ground_main_plane,-74.07378,-102.1338,227.9074,110
c_connector_arm_Q,97.26738,-5.60938,-91.10754,5
cross_Q,-5.60938,107.79168,-100.10569,200
ground_main_plane,-91.10754,-100.10569,242.7992,160
c_connector_arm_Q,39.74561,-1.05066,-38.51895,5
cross_Q,-1.05066,135.30711,-132.00185,250
ground_main_plane,-38.51895,-132.00185,227.78238,10
c_connector_arm_Q,59.02878,-1.99069,-56.74451,5
cross_Q,-1.99069,136.26116,-131.99929,250
ground_main_plane,-56.74451,-131.99929,245.29396,60
c_connector_arm_Q,78.08042,-3.50304,-74.18898,5
cross_Q,-3.50304,136.22318,-130.44828,250
ground_main_plane,-74.18898,-130.44828,261.10313,110
c_connector_arm_Q,97.31205,-5.24965,-91.56867,5
cross_Q,-5.24965,136.21143,-128.68769,250
ground_main_plane,-91.56867,-128.68769,276.61321,160
c_connector_arm_Q,117.3081,-7.33227,-109.39278,5
cross_Q,-7.33227,136.6656,-127.0763,250
ground_main_plane,-109.39278,-127.0763,292.41025,210
c_connector_arm_Q,40.34653,-1.03001,-39.1664,5
cross_Q,-1.03001,165.00356,-161.54981,300
ground_main_plane,-39.1664,-161.54981,262.22621,10
c_connector_arm_Q,58.96691,-1.96215,-56.75836,5
cross_Q,-1.96215,164.98721,-160.60147,300
ground_main_plane,-56.75836,-160.60147,278.78243,60
c_connector_arm_Q,78.05847,-3.44047,-74.29461,5
cross_Q,-3.44047,164.92251,-159.05727,300
ground_main_plane,-74.29461,-159.05727,294.72102,110
c_connector_arm_Q,97.22222,-5.11424,-91.69409,5
cross_Q,-5.11424,164.90665,-157.36933,300
ground_main_plane,-91.69409,-157.36933,310.33502,160
c_connector_arm_Q,116.85344,-6.92054,-109.44069,5
cross_Q,-6.92054,165.21678,-155.88137,300
ground_main_plane,-109.44069,-155.88137,326.31214,210
c_connector_arm_Q,135.72388,-9.03109,-126.11919,5
cross_Q,-9.03109,164.95214,-153.49695,300
ground_main_plane,-126.11919,-153.49695,340.63736,260
c_connector_arm_Q,40.35121,-1.018,-39.17577,5
cross_Q,-1.018,193.63188,-190.11086,350
ground_main_plane,-39.17577,-190.11086,295.61813,10
c_connector_arm_Q,58.93735,-1.93994,-56.76947,5
cross_Q,-1.93994,193.59356,-189.1534,350
ground_main_plane,-56.76947,-189.1534,312.23749,60
c_connector_arm_Q,78.01733,-3.40495,-74.30547,5
cross_Q,-3.40495,193.58838,-187.68287,350
ground_main_plane,-74.30547,-187.68287,328.1842,110
c_connector_arm_Q,97.1515,-5.04965,-91.71952,5
cross_Q,-5.04965,193.54271,-185.99129,350
ground_main_plane,-91.71952,-185.99129,343.87676,160
c_connector_arm_Q,116.60918,-6.78592,-109.36844,5
cross_Q,-6.78592,193.6798,-184.3827,350
ground_main_plane,-109.36844,-184.3827,359.61893,210
c_connector_arm_Q,135.7253,-8.61285,-126.58476,5
cross_Q,-8.61285,193.63983,-182.5167,350
ground_main_plane,-126.58476,-182.5167,374.92587,260
c_connector_arm_Q,155.13717,-10.71946,-143.8132,5
cross_Q,-10.71946,193.79143,-180.55707,350
ground_main_plane,-143.8132,-180.55707,389.93911,310
c_connector_arm_Q,40.32471,-1.01202,-39.1801,5
cross_Q,-1.01202,222.27353,-218.48759,400
ground_main_plane,-39.1801,-218.48759,328.21359,10
c_connector_arm_Q,58.02315,-1.92259,-55.87945,5
cross_Q,-1.92259,220.82523,-216.15427,400
ground_main_plane,-55.87945,-216.15427,343.1804,60
c_connector_arm_Q,77.93848,-3.36449,-74.27845,5
cross_Q,-3.36449,222.19275,-216.05966,400
ground_main_plane,-74.27845,-216.05966,360.84703,110
c_connector_arm_Q,97.29278,-4.97982,-91.93843,5
cross_Q,-4.97982,222.35336,-214.5915,400
ground_main_plane,-91.93843,-214.5915,376.71061,160
c_connector_arm_Q,116.50739,-6.66068,-109.38016,5
cross_Q,-6.66068,222.32516,-212.8815,400
ground_main_plane,-109.38016,-212.8815,392.34143,210
c_connector_arm_Q,135.53857,-8.40977,-126.58774,5
cross_Q,-8.40977,222.23439,-211.04364,400
ground_main_plane,-126.58774,-211.04364,407.68521,260
c_connector_arm_Q,155.48769,-10.24244,-144.60748,5
cross_Q,-10.24244,222.54263,-209.51636,400
ground_main_plane,-144.60748,-209.51636,423.77859,310
c_connector_arm_Q,175.02976,-12.35551,-161.96759,5
cross_Q,-12.35551,222.62099,-207.47196,400
ground_main_plane,-161.96759,-207.47196,438.87319,360
c_connector_arm_Q,40.37144,-1.00933,-39.23664,5
cross_Q,-1.00933,251.54853,-247.86646,450
ground_main_plane,-39.23664,-247.86646,362.36585,10
c_connector_arm_Q,58.90531,-1.92471,-56.79559,5
cross_Q,-1.92471,251.25147,-246.65674,450
ground_main_plane,-56.79559,-246.65674,378.74546,60
c_connector_arm_Q,78.10044,-3.37497,-74.47281,5
cross_Q,-3.37497,251.50398,-245.45946,450
ground_main_plane,-74.47281,-245.45946,395.08776,110
c_connector_arm_Q,97.18442,-4.99237,-91.87431,5
cross_Q,-4.99237,251.35486,-243.69434,450
ground_main_plane,-91.87431,-243.69434,410.66769,160
c_connector_arm_Q,116.46486,-6.66753,-109.41864,5
cross_Q,-6.66753,251.41788,-242.07977,450
ground_main_plane,-109.41864,-242.07977,426.52572,210
c_connector_arm_Q,135.45431,-8.38867,-126.62702,5
cross_Q,-8.38867,251.31098,-240.2501,450
ground_main_plane,-126.62702,-240.2501,441.85083,260
c_connector_arm_Q,155.38031,-10.15437,-144.71724,5
cross_Q,-10.15437,251.67968,-238.85812,450
ground_main_plane,-144.71724,-238.85812,458.39636,310
c_connector_arm_Q,174.25128,-12.00341,-161.68056,5
cross_Q,-12.00341,251.46809,-236.79878,450
ground_main_plane,-161.68056,-236.79878,473.29567,360
c_connector_arm_Q,194.28421,-14.1468,-179.51191,5
cross_Q,-14.1468,251.70924,-234.89293,450
ground_main_plane,-179.51191,-234.89293,489.03573,410
c_connector_arm_Q,40.2489,-1.00393,-39.12272,5
cross_Q,-1.00393,279.91678,-276.19407,500
ground_main_plane,-39.12272,-276.19407,395.07792,10
c_connector_arm_Q,59.01032,-1.91565,-56.9105,5
cross_Q,-1.91565,280.25822,-275.62776,500
ground_main_plane,-56.9105,-275.62776,412.13624,60
c_connector_arm_Q,78.20801,-3.37286,-74.59775,5
cross_Q,-3.37286,280.48412,-274.39934,500
ground_main_plane,-74.59775,-274.39934,428.43362,110
c_connector_arm_Q,97.22823,-4.9753,-91.9633,5
cross_Q,-4.9753,280.16254,-272.4713,500
ground_main_plane,-91.9633,-272.4713,443.94797,160
c_connector_arm_Q,117.13146,-6.64674,-110.14411,5
cross_Q,-6.64674,281.06175,-271.72444,500
ground_main_plane,-110.14411,-271.72444,461.02873,210
c_connector_arm_Q,136.42457,-8.34979,-127.6771,5
cross_Q,-8.34979,281.03182,-269.98875,500
ground_main_plane,-127.6771,-269.98875,476.7774,260
c_connector_arm_Q,155.73914,-10.0847,-145.20732,5
cross_Q,-10.0847,281.00929,-268.23408,500
ground_main_plane,-145.20732,-268.23408,492.50196,310
c_connector_arm_Q,174.04645,-11.84229,-161.6963,5
cross_Q,-11.84229,280.16671,-265.61166,500
ground_main_plane,-161.6963,-265.61166,506.53494,360
c_connector_arm_Q,194.2107,-13.71784,-179.93618,5
cross_Q,-13.71784,280.93076,-264.51507,500
ground_main_plane,-179.93618,-264.51507,523.46505,410
c_connector_arm_Q,213.59436,-15.86362,-197.1169,5
cross_Q,-15.86362,280.91853,-262.35983,500
ground_main_plane,-197.1169,-262.35983,538.38249,460
c_connector_arm_Q,41.33976,-1.08507,-39.94838,7
cross_Q,-1.08507,26.57621,-24.75369,50
ground_main_plane,-39.94838,-24.75369,102.22615,10
c_connector_arm_Q,41.31771,-1.05986,-39.98267,7
cross_Q,-1.05986,52.18123,-49.68309,100
ground_main_plane,-39.98267,-49.68309,131.82382,10
c_connector_arm_Q,60.04985,-2.07056,-57.54744,7
cross_Q,-2.07056,52.16806,-48.65824,100
ground_main_plane,-57.54744,-48.65824,148.20983,60
c_connector_arm_Q,41.19884,-1.0121,-39.9502,7
cross_Q,-1.0121,79.58833,-76.86888,150
ground_main_plane,-39.9502,-76.86888,164.6484,10
c_connector_arm_Q,60.01086,-1.90173,-57.74385,7
cross_Q,-1.90173,79.62624,-76.00862,150
ground_main_plane,-57.74385,-76.00862,181.30633,60
c_connector_arm_Q,79.63387,-3.48344,-75.62384,7
cross_Q,-3.48344,79.65599,-74.4884,150
ground_main_plane,-75.62384,-74.4884,197.28731,110
c_connector_arm_Q,41.21167,-0.97615,-40.02308,7
cross_Q,-0.97615,107.86909,-104.87504,200
ground_main_plane,-40.02308,-104.87504,197.27373,10
c_connector_arm_Q,59.94086,-1.81942,-57.80309,7
cross_Q,-1.81942,107.85739,-104.01924,200
ground_main_plane,-57.80309,-104.01924,214.10866,60
c_connector_arm_Q,79.31168,-3.2073,-75.68512,7
cross_Q,-3.2073,107.81972,-102.59709,200
ground_main_plane,-75.68512,-102.59709,230.36423,110
c_connector_arm_Q,98.58654,-4.9936,-93.07774,7
cross_Q,-4.9936,107.78707,-100.77623,200
ground_main_plane,-93.07774,-100.77623,245.85197,160
c_connector_arm_Q,41.20361,-0.95632,-40.05472,7
cross_Q,-0.95632,136.15583,-132.93101,250
ground_main_plane,-40.05472,-132.93101,229.95646,10
c_connector_arm_Q,60.06196,-1.77374,-57.98297,7
cross_Q,-1.77374,136.24272,-132.18587,250
ground_main_plane,-57.98297,-132.18587,246.93697,60
c_connector_arm_Q,79.27527,-3.10484,-75.76908,7
cross_Q,-3.10484,136.21382,-130.8262,250
ground_main_plane,-75.76908,-130.8262,263.26461,110
c_connector_arm_Q,98.57757,-4.66531,-93.40479,7
cross_Q,-4.66531,136.2058,-129.2543,250
ground_main_plane,-93.40479,-129.2543,279.21118,160
c_connector_arm_Q,118.07611,-6.5258,-110.9429,7
cross_Q,-6.5258,136.30767,-127.50059,250
ground_main_plane,-110.9429,-127.50059,294.8414,210
c_connector_arm_Q,41.2468,-0.94016,-40.15627,7
cross_Q,-0.94016,164.96802,-161.63531,300
ground_main_plane,-40.15627,-161.63531,263.43819,10
c_connector_arm_Q,60.01332,-1.7448,-58.02505,7
cross_Q,-1.7448,164.95616,-160.77553,300
ground_main_plane,-58.02505,-160.77553,280.34471,60
c_connector_arm_Q,79.2213,-3.0428,-75.85628,7
cross_Q,-3.0428,164.92924,-159.44943,300
ground_main_plane,-75.85628,-159.44943,296.78577,110
c_connector_arm_Q,98.7882,-4.52881,-93.84222,7
cross_Q,-4.52881,165.16369,-158.20866,300
ground_main_plane,-93.84222,-158.20866,313.28558,160
c_connector_arm_Q,118.28045,-6.14009,-111.64912,7
cross_Q,-6.14009,165.26111,-156.70414,300
ground_main_plane,-111.64912,-156.70414,329.45356,210
c_connector_arm_Q,137.3487,-8.02811,-128.75237,7
cross_Q,-8.02811,164.98256,-154.52507,300
ground_main_plane,-128.75237,-154.52507,344.40452,260
c_connector_arm_Q,41.25071,-0.92859,-40.16241,7
cross_Q,-0.92859,193.60543,-190.16043,350
ground_main_plane,-40.16241,-190.16043,296.64245,10
c_connector_arm_Q,59.99869,-1.72671,-58.04172,7
cross_Q,-1.72671,193.57563,-189.33522,350
ground_main_plane,-58.04172,-189.33522,313.66934,60
c_connector_arm_Q,79.3652,-3.01319,-76.04578,7
cross_Q,-3.01319,193.75697,-188.22355,350
ground_main_plane,-76.04578,-188.22355,330.20539,110
c_connector_arm_Q,98.50792,-4.47524,-93.65225,7
cross_Q,-4.47524,193.54209,-186.55171,350
ground_main_plane,-93.65225,-186.55171,346.34355,160
c_connector_arm_Q,118.04459,-6.02187,-111.57175,7
cross_Q,-6.02187,193.6803,-185.13324,350
ground_main_plane,-111.57175,-185.13324,362.5334,210
c_connector_arm_Q,137.26379,-7.6651,-129.07593,7
cross_Q,-7.6651,193.65117,-183.46373,350
ground_main_plane,-129.07593,-183.46373,378.34222,260
c_connector_arm_Q,156.78077,-9.56614,-146.61856,7
cross_Q,-9.56614,193.80453,-181.71205,350
ground_main_plane,-146.61856,-181.71205,393.88695,310
c_connector_arm_Q,41.23711,-0.92307,-40.18098,7
cross_Q,-0.92307,222.25849,-218.57823,400
ground_main_plane,-40.18098,-218.57823,329.34215,10
c_connector_arm_Q,59.08019,-1.71001,-57.15018,7
cross_Q,-1.71001,220.84709,-216.40505,400
ground_main_plane,-57.15018,-216.40505,344.74016,60
c_connector_arm_Q,79.12426,-2.9802,-75.85147,7
cross_Q,-2.9802,222.20037,-216.46543,400
ground_main_plane,-75.85147,-216.46543,362.84164,110
c_connector_arm_Q,98.62094,-4.40987,-93.84149,7
cross_Q,-4.40987,222.34599,-215.16818,400
ground_main_plane,-93.84149,-215.16818,379.24098,160
c_connector_arm_Q,117.94172,-5.9112,-111.57076,7
cross_Q,-5.9112,222.33789,-213.6598,400
ground_main_plane,-111.57076,-213.6598,395.35845,210
c_connector_arm_Q,137.1377,-7.47003,-129.13513,7
cross_Q,-7.47003,222.2446,-212.01006,400
ground_main_plane,-129.13513,-212.01006,411.25521,260
c_connector_arm_Q,157.06064,-9.11202,-147.29997,7
cross_Q,-9.11202,222.64138,-210.72992,400
ground_main_plane,-147.29997,-210.72992,427.68486,310
c_connector_arm_Q,176.01589,-11.01446,-164.31754,7
cross_Q,-11.01446,222.46364,-208.67716,400
ground_main_plane,-164.31754,-208.67716,442.80916,360
c_connector_arm_Q,40.64038,-0.91844,-39.5953,7
cross_Q,-0.91844,249.50351,-245.90276,450
ground_main_plane,-39.5953,-245.90276,361.32408,10
c_connector_arm_Q,59.94257,-1.71315,-58.04479,7
cross_Q,-1.71315,251.20437,-246.83143,450
ground_main_plane,-58.04479,-246.83143,380.1617,60
c_connector_arm_Q,79.25162,-2.98487,-76.01687,7
cross_Q,-2.98487,251.40106,-245.755,450
ground_main_plane,-76.01687,-245.755,396.89077,110
c_connector_arm_Q,98.5673,-4.41764,-93.83591,7
cross_Q,-4.41764,251.39559,-244.31912,450
ground_main_plane,-93.83591,-244.31912,413.22164,160
c_connector_arm_Q,118.32636,-5.90724,-112.02969,7
cross_Q,-5.90724,251.76845,-243.19985,450
ground_main_plane,-112.02969,-243.19985,430.05165,210
c_connector_arm_Q,137.72568,-7.44222,-129.83149,7
cross_Q,-7.44222,251.70966,-241.60304,450
ground_main_plane,-129.83149,-241.60304,446.21261,260
c_connector_arm_Q,157.04637,-9.02465,-147.50621,7
cross_Q,-9.02465,251.6923,-240.00455,450
ground_main_plane,-147.50621,-240.00455,462.22083,310
c_connector_arm_Q,176.46177,-10.69098,-165.20048,7
cross_Q,-10.69098,251.68339,-238.33094,450
ground_main_plane,-165.20048,-238.33094,478.19443,360
c_connector_arm_Q,195.15008,-12.61964,-181.92651,7
cross_Q,-12.61964,251.42566,-236.14593,450
ground_main_plane,-181.92651,-236.14593,492.84458,410
c_connector_arm_Q,41.15761,-0.91417,-40.11933,7
cross_Q,-0.91417,279.88506,-276.24345,500
ground_main_plane,-40.11933,-276.24345,396.11005,10
c_connector_arm_Q,60.0443,-1.70054,-58.16073,7
cross_Q,-1.70054,280.22133,-275.80188,500
ground_main_plane,-58.16073,-275.80188,413.5402,60
c_connector_arm_Q,79.38173,-2.97514,-76.17177,7
cross_Q,-2.97514,280.44719,-274.75514,500
ground_main_plane,-76.17177,-274.75514,430.36361,110
c_connector_arm_Q,98.55308,-4.39622,-93.8708,7
cross_Q,-4.39622,280.12476,-273.0096,500
ground_main_plane,-93.8708,-273.0096,446.40074,160
c_connector_arm_Q,118.02346,-5.87395,-111.80792,7
cross_Q,-5.87395,280.38992,-271.79756,500
ground_main_plane,-111.80792,-271.79756,462.9334,210
c_connector_arm_Q,137.26841,-7.38387,-129.48491,7
cross_Q,-7.38387,280.33338,-270.22922,500
ground_main_plane,-129.48491,-270.22922,478.9985,260
c_connector_arm_Q,157.37295,-8.94813,-147.98513,7
cross_Q,-8.94813,280.91211,-269.26338,500
ground_main_plane,-147.98513,-269.26338,496.25042,310
c_connector_arm_Q,175.91484,-10.51463,-164.9025,7
cross_Q,-10.51463,280.22085,-266.98826,500
ground_main_plane,-164.9025,-266.98826,511.0956,360
c_connector_arm_Q,196.01183,-12.20208,-183.26895,7
cross_Q,-12.20208,280.84875,-265.94177,500
ground_main_plane,-183.26895,-265.94177,528.17004,410
c_connector_arm_Q,215.89581,-14.11871,-201.23339,7
cross_Q,-14.11871,281.18982,-264.44525,500
ground_main_plane,-201.23339,-264.44525,544.48137,460
c_connector_arm_Q,42.14353,-0.99992,-40.81468,9
cross_Q,-0.99992,26.60428,-24.86679,50
ground_main_plane,-40.81468,-24.86679,103.30626,10
c_connector_arm_Q,42.18645,-0.97958,-40.92849,9
cross_Q,-0.97958,52.20494,-49.77435,100
ground_main_plane,-40.92849,-49.77435,132.86959,10
c_connector_arm_Q,60.96479,-1.8724,-58.65708,9
cross_Q,-1.8724,52.18717,-48.86167,100
ground_main_plane,-58.65708,-48.86167,149.56808,60
c_connector_arm_Q,42.13366,-0.93711,-40.95524,9
cross_Q,-0.93711,79.68213,-77.03019,150
ground_main_plane,-40.95524,-77.03019,165.69918,10
c_connector_arm_Q,60.94546,-1.72393,-58.85231,9
cross_Q,-1.72393,79.62967,-76.19179,150
ground_main_plane,-58.85231,-76.19179,182.66032,60
c_connector_arm_Q,80.40842,-3.14652,-76.76102,9
cross_Q,-3.14652,79.67869,-74.82057,150
ground_main_plane,-76.76102,-74.82057,198.98624,110
c_connector_arm_Q,42.09698,-0.90321,-40.98003,9
cross_Q,-0.90321,107.88396,-104.95666,200
ground_main_plane,-40.98003,-104.95666,198.29764,10
c_connector_arm_Q,60.91285,-1.6477,-58.94871,9
cross_Q,-1.6477,107.86466,-104.1902,200
ground_main_plane,-58.94871,-104.1902,215.41688,60
c_connector_arm_Q,80.33682,-2.88638,-77.03947,9
cross_Q,-2.88638,107.85954,-102.9544,200
ground_main_plane,-77.03947,-102.9544,232.10125,110
c_connector_arm_Q,99.69814,-4.50176,-94.68925,9
cross_Q,-4.50176,107.83261,-101.30996,200
ground_main_plane,-94.68925,-101.30996,248.01842,160
c_connector_arm_Q,42.05687,-0.89268,-41.00871,9
cross_Q,-0.89268,136.12292,-133.02253,250
ground_main_plane,-41.00871,-133.02253,231.20708,10
c_connector_arm_Q,60.95352,-1.60856,-59.1116,9
cross_Q,-1.60856,136.10005,-132.30188,250
ground_main_plane,-59.1116,-132.30188,248.37984,60
c_connector_arm_Q,80.28495,-2.79439,-77.16417,9
cross_Q,-2.79439,136.09627,-131.10513,250
ground_main_plane,-77.16417,-131.10513,265.10987,110
c_connector_arm_Q,99.66492,-4.19726,-95.06402,9
cross_Q,-4.19726,136.08373,-129.69661,250
ground_main_plane,-95.06402,-129.69661,281.56397,160
c_connector_arm_Q,119.19298,-5.88831,-112.80581,9
cross_Q,-5.88831,136.17551,-128.0885,250
ground_main_plane,-112.80581,-128.0885,297.50544,210
c_connector_arm_Q,42.09442,-0.86787,-41.04877,9
cross_Q,-0.86787,164.79768,-161.6275,300
ground_main_plane,-41.04877,-161.6275,264.37885,10
c_connector_arm_Q,60.93123,-1.58046,-59.10427,9
cross_Q,-1.58046,164.75575,-160.873,300
ground_main_plane,-59.10427,-160.873,281.63748,60
c_connector_arm_Q,80.26261,-2.74458,-77.19761,9
cross_Q,-2.74458,164.74229,-159.69542,300
ground_main_plane,-77.19761,-159.69542,298.47326,110
c_connector_arm_Q,99.55497,-4.09088,-95.08081,9
cross_Q,-4.09088,164.66948,-158.27495,300
ground_main_plane,-95.08081,-158.27495,314.95704,160
c_connector_arm_Q,119.22183,-5.55878,-113.20078,9
cross_Q,-5.55878,164.91307,-157.03063,300
ground_main_plane,-113.20078,-157.03063,331.48973,210
c_connector_arm_Q,138.54287,-7.28097,-130.7203,9
cross_Q,-7.28097,164.79809,-155.20041,300
ground_main_plane,-130.7203,-155.20041,347.14551,260
c_connector_arm_Q,42.08304,-0.85761,-41.06221,9
cross_Q,-0.85761,193.59916,-190.21783,350
ground_main_plane,-41.06221,-190.21783,297.58876,10
c_connector_arm_Q,60.91731,-1.55786,-59.1268,9
cross_Q,-1.55786,193.59984,-189.51834,350
ground_main_plane,-59.1268,-189.51834,314.89032,60
c_connector_arm_Q,80.35615,-2.70067,-77.34689,9
cross_Q,-2.70067,193.73236,-188.50247,350
ground_main_plane,-77.34689,-188.50247,331.78487,110
c_connector_arm_Q,99.72813,-4.01656,-95.32817,9
cross_Q,-4.01656,193.71731,-187.16836,350
ground_main_plane,-95.32817,-187.16836,348.3645,160
c_connector_arm_Q,119.1735,-5.41574,-113.30647,9
cross_Q,-5.41574,193.6758,-185.72845,350
ground_main_plane,-113.30647,-185.72845,364.88775,210
c_connector_arm_Q,138.49753,-6.9072,-131.06518,9
cross_Q,-6.9072,193.65539,-184.21915,350
ground_main_plane,-131.06518,-184.21915,381.10158,260
c_connector_arm_Q,158.10351,-8.63513,-148.87199,9
cross_Q,-8.63513,193.82145,-182.65396,350
ground_main_plane,-148.87199,-182.65396,397.05753,310
c_connector_arm_Q,42.06352,-0.85177,-41.07931,9
cross_Q,-0.85177,222.23834,-218.64441,400
ground_main_plane,-41.07931,-218.64441,330.42701,10
c_connector_arm_Q,60.02121,-1.5429,-58.26251,9
cross_Q,-1.5429,220.86681,-216.60021,400
ground_main_plane,-58.26251,-216.60021,346.27881,60
c_connector_arm_Q,80.19573,-2.67021,-77.2368,9
cross_Q,-2.67021,222.19594,-216.78651,400
ground_main_plane,-77.2368,-216.78651,364.61666,110
c_connector_arm_Q,99.75201,-3.95639,-95.42909,9
cross_Q,-3.95639,222.39406,-215.68578,400
ground_main_plane,-95.42909,-215.68578,381.35793,160
c_connector_arm_Q,119.12614,-5.31131,-113.36511,9
cross_Q,-5.31131,222.36179,-214.29871,400
ground_main_plane,-113.36511,-214.29871,397.83625,210
c_connector_arm_Q,138.42906,-6.72385,-131.18415,9
cross_Q,-6.72385,222.25005,-212.77701,400
ground_main_plane,-131.18415,-212.77701,414.13891,260
c_connector_arm_Q,157.79711,-8.21948,-148.97941,9
cross_Q,-8.21948,222.23507,-211.2675,400
ground_main_plane,-148.97941,-211.2675,430.36023,310
c_connector_arm_Q,177.14865,-9.95947,-166.52243,9
cross_Q,-9.95947,222.19868,-209.49088,400
ground_main_plane,-166.52243,-209.49088,446.05597,360
c_connector_arm_Q,42.12955,-0.84724,-41.15419,9
cross_Q,-0.84724,251.48789,-248.00255,450
ground_main_plane,-41.15419,-248.00255,364.36521,10
c_connector_arm_Q,60.89893,-1.54324,-59.17032,9
cross_Q,-1.54324,251.18961,-247.0047,450
ground_main_plane,-59.17032,-247.0047,381.41892,60
c_connector_arm_Q,80.28149,-2.67378,-77.35631,9
cross_Q,-2.67378,251.40637,-246.09091,450
ground_main_plane,-77.35631,-246.09091,398.5246,110
c_connector_arm_Q,99.65577,-3.96048,-95.38115,9
cross_Q,-3.96048,251.45269,-244.85477,450
ground_main_plane,-95.38115,-244.85477,415.26077,160
c_connector_arm_Q,119.11727,-5.30455,-113.44022,9
cross_Q,-5.30455,251.37873,-243.43319,450
ground_main_plane,-113.44022,-243.43319,431.83483,210
c_connector_arm_Q,138.38353,-6.69407,-131.25916,9
cross_Q,-6.69407,251.32327,-241.98918,450
ground_main_plane,-131.25916,-241.98918,448.15303,260
c_connector_arm_Q,157.74598,-8.12526,-149.13071,9
cross_Q,-8.12526,251.25277,-240.48585,450
ground_main_plane,-149.13071,-240.48585,464.5013,310
c_connector_arm_Q,178.36719,-9.63918,-168.22717,9
cross_Q,-9.63918,251.9671,-239.81315,450
ground_main_plane,-168.22717,-239.81315,482.84509,360
c_connector_arm_Q,196.63567,-11.39547,-184.64148,9
cross_Q,-11.39547,251.41797,-237.38137,450
ground_main_plane,-184.64148,-237.38137,496.76018,410
c_connector_arm_Q,42.00411,-0.84179,-41.03546,9
cross_Q,-0.84179,279.86655,-276.30206,500
ground_main_plane,-41.03546,-276.30206,397.13477,10
c_connector_arm_Q,60.9177,-1.53053,-59.20088,9
cross_Q,-1.53053,280.11438,-275.86935,500
ground_main_plane,-59.20088,-275.86935,414.75281,60
c_connector_arm_Q,80.24258,-2.66331,-77.34278,9
cross_Q,-2.66331,280.11452,-274.73268,500
ground_main_plane,-77.34278,-274.73268,431.68574,110
c_connector_arm_Q,99.61581,-3.94087,-95.39124,9
cross_Q,-3.94087,280.12938,-273.47015,500
ground_main_plane,-95.39124,-273.47015,448.41536,160
c_connector_arm_Q,119.18961,-5.26888,-113.57928,9
cross_Q,-5.26888,280.39249,-272.40319,500
ground_main_plane,-113.57928,-272.40319,465.32353,210
c_connector_arm_Q,138.52031,-6.63371,-131.4871,9
cross_Q,-6.63371,280.37939,-271.02585,500
ground_main_plane,-131.4871,-271.02585,481.81206,260
c_connector_arm_Q,158.65104,-8.04403,-150.17886,9
cross_Q,-8.04403,280.82155,-270.07849,500
ground_main_plane,-150.17886,-270.07849,499.34314,310
c_connector_arm_Q,177.24152,-9.46697,-167.27943,9
cross_Q,-9.46697,280.20158,-268.01431,500
ground_main_plane,-167.27943,-268.01431,514.5408,360
c_connector_arm_Q,196.62804,-10.97889,-185.10228,9
cross_Q,-10.97889,280.21375,-266.51368,500
ground_main_plane,-185.10228,-266.51368,530.82541,410
c_connector_arm_Q,216.27595,-12.74266,-202.95692,9
cross_Q,-12.74266,280.43376,-264.96796,500
ground_main_plane,-202.95692,-264.96796,547.00218,460
c_connector_arm_Q,44.72407,-0.80734,-43.59336,15
cross_Q,-0.80734,26.62662,-25.0806,50
ground_main_plane,-43.59336,-25.0806,106.62144,10
c_connector_arm_Q,44.61826,-0.80613,-43.5153,15
cross_Q,-0.80613,52.2126,-49.93276,100
ground_main_plane,-43.5153,-49.93276,135.68444,10
c_connector_arm_Q,63.55436,-1.45482,-61.64782,15
cross_Q,-1.45482,52.19787,-49.2685,100
ground_main_plane,-61.64782,-49.2685,153.02976,60
c_connector_arm_Q,44.60046,-0.77462,-43.56409,15
cross_Q,-0.77462,79.67463,-77.20205,150
ground_main_plane,-43.56409,-77.20205,168.43363,10
c_connector_arm_Q,63.7964,-1.34855,-62.07644,15
cross_Q,-1.34855,79.83036,-76.79714,150
ground_main_plane,-62.07644,-76.79714,186.42171,60
c_connector_arm_Q,83.27681,-2.42169,-80.37765,15
cross_Q,-2.42169,79.8225,-75.71518,150
ground_main_plane,-80.37765,-75.71518,203.52724,110
c_connector_arm_Q,44.51479,-0.74633,-43.5454,15
cross_Q,-0.74633,107.84768,-105.07559,200
ground_main_plane,-43.5454,-105.07559,201.09817,10
c_connector_arm_Q,63.56433,-1.28402,-61.95458,15
cross_Q,-1.28402,107.88248,-104.57541,200
ground_main_plane,-61.95458,-104.57541,218.85677,60
c_connector_arm_Q,82.98721,-2.21046,-80.34073,15
cross_Q,-2.21046,107.83397,-103.57497,200
ground_main_plane,-80.34073,-103.57497,236.00705,110
c_connector_arm_Q,102.4882,-3.46254,-98.49011,15
cross_Q,-3.46254,107.82031,-102.30859,200
ground_main_plane,-98.49011,-102.30859,252.7945,160
c_connector_arm_Q,44.44336,-0.73467,-43.53652,15
cross_Q,-0.73467,136.13383,-133.1755,250
ground_main_plane,-43.53652,-133.1755,234.07694,10
c_connector_arm_Q,63.51043,-1.24881,-62.00267,15
cross_Q,-1.24881,136.16592,-132.68295,250
ground_main_plane,-62.00267,-132.68295,251.73878,60
c_connector_arm_Q,82.98242,-2.12572,-80.5056,15
cross_Q,-2.12572,136.16763,-131.80602,250
ground_main_plane,-80.5056,-131.80602,269.27345,110
c_connector_arm_Q,102.45605,-3.20491,-98.81426,15
cross_Q,-3.20491,136.1524,-130.71159,250
ground_main_plane,-98.81426,-130.71159,286.38826,160
c_connector_arm_Q,122.20963,-4.52433,-117.15441,15
cross_Q,-4.52433,136.27475,-129.51247,250
ground_main_plane,-117.15441,-129.51247,303.32584,210
c_connector_arm_Q,44.42614,-0.71508,-43.53671,15
cross_Q,-0.71508,164.75937,-161.71978,300
ground_main_plane,-43.53671,-161.71978,267.45769,10
c_connector_arm_Q,63.49339,-1.22047,-62.02116,15
cross_Q,-1.22047,164.80998,-161.26313,300
ground_main_plane,-62.02116,-161.26313,285.22649,60
c_connector_arm_Q,82.94305,-2.0757,-80.54015,15
cross_Q,-2.0757,164.81281,-160.40696,300
ground_main_plane,-80.54015,-160.40696,302.79754,110
c_connector_arm_Q,102.40033,-3.10024,-98.89595,15
cross_Q,-3.10024,164.76288,-159.33656,300
ground_main_plane,-98.89595,-159.33656,320.06616,160
c_connector_arm_Q,122.17427,-4.24108,-117.45501,15
cross_Q,-4.24108,164.97132,-158.39196,300
ground_main_plane,-117.45501,-158.39196,337.4352,210
c_connector_arm_Q,141.62932,-5.59226,-135.48139,15
cross_Q,-5.59226,164.88564,-156.95862,300
ground_main_plane,-135.48139,-156.95862,353.97279,260
c_connector_arm_Q,44.65477,-0.70462,-43.78852,15
cross_Q,-0.70462,194.00704,-190.8175,350
ground_main_plane,-43.78852,-190.8175,301.06185,10
c_connector_arm_Q,63.60419,-1.20449,-62.17115,15
cross_Q,-1.20449,193.95503,-190.26643,350
ground_main_plane,-62.17115,-190.26643,318.85029,60
c_connector_arm_Q,83.07065,-2.04702,-80.72283,15
cross_Q,-2.04702,193.94636,-189.41267,350
ground_main_plane,-80.72283,-189.41267,336.50548,110
c_connector_arm_Q,102.61349,-3.04773,-99.19196,15
cross_Q,-3.04773,193.93489,-188.39841,350
ground_main_plane,-99.19196,-188.39841,353.88302,160
c_connector_arm_Q,122.34024,-4.12988,-117.77211,15
cross_Q,-4.12988,194.0931,-187.47729,350
ground_main_plane,-117.77211,-187.47729,371.43568,210
c_connector_arm_Q,141.64799,-5.29111,-135.84886,15
cross_Q,-5.29111,193.88521,-186.10054,350
ground_main_plane,-135.84886,-186.10054,388.1149,260
c_connector_arm_Q,162.0479,-6.6574,-154.81679,15
cross_Q,-6.6574,194.23069,-185.0951,350
ground_main_plane,-154.81679,-185.0951,405.83284,310
c_connector_arm_Q,44.48876,-0.69663,-43.65391,15
cross_Q,-0.69663,222.21732,-218.80174,400
ground_main_plane,-43.65391,-218.80174,333.3389,10
c_connector_arm_Q,63.44138,-1.19008,-62.03755,15
cross_Q,-1.19008,222.1679,-218.26793,400
ground_main_plane,-62.03755,-218.26793,351.17054,60
c_connector_arm_Q,82.78102,-2.02051,-80.48147,15
cross_Q,-2.02051,222.15947,-217.42103,400
ground_main_plane,-80.48147,-217.42103,368.7604,110
c_connector_arm_Q,102.53195,-2.99612,-99.18824,15
cross_Q,-2.99612,222.31646,-216.60407,400
ground_main_plane,-99.18824,-216.60407,386.29356,160
c_connector_arm_Q,122.26934,-4.04594,-117.80084,15
cross_Q,-4.04594,222.5626,-215.79585,400
ground_main_plane,-117.80084,-215.79585,403.80942,210
c_connector_arm_Q,141.59779,-5.13581,-135.97573,15
cross_Q,-5.13581,222.26732,-214.41245,400
ground_main_plane,-135.97573,-214.41245,420.78684,260
c_connector_arm_Q,161.23815,-6.30973,-154.37118,15
cross_Q,-6.30973,222.45394,-213.42685,400
ground_main_plane,-154.37118,-213.42685,437.92923,310
c_connector_arm_Q,180.70303,-7.68087,-172.40089,15
cross_Q,-7.68087,222.4179,-212.01919,400
ground_main_plane,-172.40089,-212.01919,454.54229,360
c_connector_arm_Q,44.40999,-0.69215,-43.58456,15
cross_Q,-0.69215,251.00275,-247.76275,450
ground_main_plane,-43.58456,-247.76275,366.85421,10
c_connector_arm_Q,63.37827,-1.18788,-62.00221,15
cross_Q,-1.18788,250.98449,-247.2454,450
ground_main_plane,-62.00221,-247.2454,384.68314,60
c_connector_arm_Q,82.991,-2.01409,-80.72668,15
cross_Q,-2.01409,251.24394,-246.68364,450
ground_main_plane,-80.72668,-246.68364,402.66599,110
c_connector_arm_Q,102.49802,-2.98799,-99.19797,15
cross_Q,-2.98799,251.22184,-245.68938,450
ground_main_plane,-99.19797,-245.68938,420.12435,160
c_connector_arm_Q,122.56046,-4.02238,-118.15796,15
cross_Q,-4.02238,251.84834,-245.29503,450
ground_main_plane,-118.15796,-245.29503,438.44263,210
c_connector_arm_Q,142.45209,-5.09435,-136.92331,15
cross_Q,-5.09435,251.9223,-244.30978,450
ground_main_plane,-136.92331,-244.30978,456.08828,260
c_connector_arm_Q,161.95111,-6.2037,-155.25247,15
cross_Q,-6.2037,251.8823,-243.15464,450
ground_main_plane,-155.25247,-243.15464,473.25725,310
c_connector_arm_Q,181.83101,-7.38869,-173.89866,15
cross_Q,-7.38869,251.94888,-242.04854,450
ground_main_plane,-173.89866,-242.04854,490.67002,360
c_connector_arm_Q,200.08839,-8.77268,-190.72594,15
cross_Q,-8.77268,251.22892,-239.91571,450
ground_main_plane,-190.72594,-239.91571,505.5718,410
c_connector_arm_Q,44.38995,-0.68665,-43.59515,15
cross_Q,-0.68665,279.85262,-276.46874,500
ground_main_plane,-43.59515,-276.46874,400.51443,10
c_connector_arm_Q,63.33392,-1.17828,-61.99618,15
cross_Q,-1.17828,279.87119,-275.99677,500
ground_main_plane,-61.99618,-275.99677,418.39816,60
c_connector_arm_Q,82.88394,-2.0083,-80.66755,15
cross_Q,-2.0083,280.05421,-275.33041,500
ground_main_plane,-80.66755,-275.33041,436.18621,110
c_connector_arm_Q,102.43852,-2.97469,-99.21491,15
cross_Q,-2.97469,280.08332,-274.38823,500
ground_main_plane,-99.21491,-274.38823,453.72467,160
c_connector_arm_Q,121.95812,-3.99702,-117.66773,15
cross_Q,-3.99702,280.12688,-273.40192,500
ground_main_plane,-117.66773,-273.40192,471.10404,210
c_connector_arm_Q,141.4204,-5.05008,-136.03495,15
cross_Q,-5.05008,280.05964,-272.29233,500
ground_main_plane,-136.03495,-272.29233,488.40089,260
c_connector_arm_Q,161.21394,-6.13849,-154.69777,15
cross_Q,-6.13849,280.29408,-271.41546,500
ground_main_plane,-154.69777,-271.41546,505.91646,310
c_connector_arm_Q,180.92292,-7.24999,-173.28878,15
cross_Q,-7.24999,280.46945,-270.46005,500
ground_main_plane,-173.28878,-270.46005,523.42333,360
c_connector_arm_Q,200.19923,-8.43624,-191.29742,15
cross_Q,-8.43624,280.2277,-269.05326,500
ground_main_plane,-191.29742,-269.05326,540.12788,410
c_connector_arm_Q,219.64815,-9.81007,-209.36717,15
cross_Q,-9.81007,280.07682,-267.53186,500
ground_main_plane,-209.36717,-267.53186,556.66437,460
c_connector_arm_Q,47.32194,-0.65991,-46.28894,22
cross_Q,-0.65991,26.59692,-25.2097,50
ground_main_plane,-46.28894,-25.2097,110.16939,10
c_connector_arm_Q,47.30367,-0.67552,-46.30082,22
cross_Q,-0.67552,52.17181,-50.06724,100
ground_main_plane,-46.30082,-50.06724,139.05357,10
c_connector_arm_Q,66.35289,-1.15402,-64.7259,22
cross_Q,-1.15402,52.17777,-49.59527,100
ground_main_plane,-64.7259,-49.59527,156.85643,60
c_connector_arm_Q,47.31327,-0.64829,-46.45625,22
cross_Q,-0.64829,79.63569,-77.1265,150
ground_main_plane,-46.45625,-77.1265,170.98009,10
c_connector_arm_Q,66.27305,-1.06722,-64.8864,22
cross_Q,-1.06722,79.59889,-76.67111,150
ground_main_plane,-64.8864,-76.67111,188.89831,60
c_connector_arm_Q,85.78929,-1.85746,-83.53844,22
cross_Q,-1.85746,79.57323,-75.82341,150
ground_main_plane,-83.53844,-75.82341,206.51469,110
c_connector_arm_Q,47.26602,-0.62538,-46.40363,22
cross_Q,-0.62538,107.88864,-105.23494,200
ground_main_plane,-46.40363,-105.23494,204.13297,10
c_connector_arm_Q,66.30284,-1.02004,-64.94205,22
cross_Q,-1.02004,107.87908,-104.83437,200
ground_main_plane,-64.94205,-104.83437,222.18771,60
c_connector_arm_Q,85.89051,-1.71115,-83.72876,22
cross_Q,-1.71115,107.92309,-104.18367,200
ground_main_plane,-83.72876,-104.18367,240.12291,110
c_connector_arm_Q,105.45608,-2.67956,-102.2238,22
cross_Q,-2.67956,107.9046,-103.19415,200
ground_main_plane,-102.2238,-103.19415,257.53134,160
c_connector_arm_Q,46.62256,-0.61324,-45.82034,22
cross_Q,-0.61324,135.29728,-132.46304,250
ground_main_plane,-45.82034,-132.46304,236.08468,10
c_connector_arm_Q,66.25869,-0.98664,-65.00109,22
cross_Q,-0.98664,136.11802,-132.90165,250
ground_main_plane,-65.00109,-132.90165,255.09947,60
c_connector_arm_Q,85.845,-1.63917,-83.85959,22
cross_Q,-1.63917,136.3102,-132.44322,250
ground_main_plane,-83.85959,-132.44322,273.38467,110
c_connector_arm_Q,105.37825,-2.47056,-102.48128,22
cross_Q,-2.47056,136.28523,-131.58332,250
ground_main_plane,-102.48128,-131.58332,291.10413,160
c_connector_arm_Q,125.70368,-3.50768,-121.69212,22
cross_Q,-3.50768,136.61224,-130.89368,250
ground_main_plane,-121.69212,-130.89368,309.43472,210
c_connector_arm_Q,47.44213,-0.59854,-46.67336,22
cross_Q,-0.59854,165.18745,-162.30272,300
ground_main_plane,-46.67336,-162.30272,271.08321,10
c_connector_arm_Q,66.77082,-0.9672,-65.55672,22
cross_Q,-0.9672,165.37577,-162.12015,300
ground_main_plane,-65.55672,-162.12015,289.62567,60
c_connector_arm_Q,85.79498,-1.59946,-83.87493,22
cross_Q,-1.59946,164.9064,-161.0204,300
ground_main_plane,-83.87493,-161.0204,306.98786,110
c_connector_arm_Q,105.55327,-2.38823,-102.76835,22
cross_Q,-2.38823,165.12354,-160.44257,300
ground_main_plane,-102.76835,-160.44257,325.11995,160
c_connector_arm_Q,125.62262,-3.2747,-121.90597,22
cross_Q,-3.2747,165.15792,-159.65245,300
ground_main_plane,-121.90597,-159.65245,343.39953,210
c_connector_arm_Q,144.55748,-4.35175,-139.66402,22
cross_Q,-4.35175,165.01083,-158.35776,300
ground_main_plane,-139.66402,-158.35776,359.788,260
c_connector_arm_Q,47.26546,-0.58714,-46.51774,22
cross_Q,-0.58714,193.72852,-190.61705,350
ground_main_plane,-46.51774,-190.61705,303.67849,10
c_connector_arm_Q,66.40119,-0.94925,-65.22768,22
cross_Q,-0.94925,193.90644,-190.43771,350
ground_main_plane,-65.22768,-190.43771,321.98778,60
c_connector_arm_Q,85.74956,-1.56931,-83.88378,22
cross_Q,-1.56931,193.74322,-189.65406,350
ground_main_plane,-83.88378,-189.65406,339.92639,110
c_connector_arm_Q,105.49031,-2.33184,-102.78866,22
cross_Q,-2.33184,193.91956,-189.06857,350
ground_main_plane,-102.78866,-189.06857,358.00907,160
c_connector_arm_Q,125.02628,-3.17316,-121.4132,22
cross_Q,-3.17316,193.87571,-188.18093,350
ground_main_plane,-121.4132,-188.18093,375.71386,210
c_connector_arm_Q,144.59545,-4.08813,-140.00407,22
cross_Q,-4.08813,193.8403,-187.22977,350
ground_main_plane,-140.00407,-187.22977,393.30918,260
c_connector_arm_Q,165.14814,-5.18026,-159.41275,22
cross_Q,-5.18026,194.46035,-186.79103,350
ground_main_plane,-159.41275,-186.79103,412.048,310
c_connector_arm_Q,47.29595,-0.57886,-46.57649,22
cross_Q,-0.57886,222.44366,-219.2486,400
ground_main_plane,-46.57649,-219.2486,337.06479,10
c_connector_arm_Q,66.30662,-0.93409,-65.16471,22
cross_Q,-0.93409,222.39636,-218.84666,400
ground_main_plane,-65.16471,-218.84666,355.27972,60
c_connector_arm_Q,85.90236,-1.54759,-84.08455,22
cross_Q,-1.54759,222.53076,-218.37072,400
ground_main_plane,-84.08455,-218.37072,373.55355,110
c_connector_arm_Q,105.42814,-2.29655,-102.8038,22
cross_Q,-2.29655,222.52704,-217.61488,400
ground_main_plane,-102.8038,-217.61488,391.45672,160
c_connector_arm_Q,125.0138,-3.11097,-121.50851,22
cross_Q,-3.11097,222.51798,-216.79372,400
ground_main_plane,-121.50851,-216.79372,409.274,210
c_connector_arm_Q,144.50016,-3.97226,-140.07107,22
cross_Q,-3.97226,222.46419,-215.87882,400
ground_main_plane,-140.07107,-215.87882,426.86972,260
c_connector_arm_Q,164.77067,-4.89306,-159.35825,22
cross_Q,-4.89306,222.8821,-215.38324,400
ground_main_plane,-159.35825,-215.38324,445.44774,310
c_connector_arm_Q,184.82274,-5.99704,-178.24741,22
cross_Q,-5.99704,222.9574,-214.34674,400
ground_main_plane,-178.24741,-214.34674,463.17347,360
c_connector_arm_Q,47.21523,-0.57035,-46.50469,22
cross_Q,-0.57035,251.09574,-247.98835,450
ground_main_plane,-46.50469,-247.98835,370.69867,10
c_connector_arm_Q,66.2301,-0.92471,-65.11068,22
cross_Q,-0.92471,251.08986,-247.62561,450
ground_main_plane,-65.11068,-247.62561,388.89825,60
c_connector_arm_Q,85.7751,-1.53071,-83.98683,22
cross_Q,-1.53071,251.25817,-247.16496,450
ground_main_plane,-83.98683,-247.16496,407.05663,110
c_connector_arm_Q,105.3137,-2.26876,-102.73223,22
cross_Q,-2.26876,251.22024,-246.39808,450
ground_main_plane,-102.73223,-246.39808,425.0202,160
c_connector_arm_Q,124.84052,-3.06498,-121.40938,22
cross_Q,-3.06498,251.24833,-245.62099,450
ground_main_plane,-121.40938,-245.62099,442.83716,210
c_connector_arm_Q,145.00765,-3.89641,-140.69813,22
cross_Q,-3.89641,251.68477,-245.23545,450
ground_main_plane,-140.69813,-245.23545,461.43484,260
c_connector_arm_Q,164.28914,-4.76632,-159.04227,22
cross_Q,-4.76632,251.52408,-244.18842,450
ground_main_plane,-159.04227,-244.18842,478.79883,310
c_connector_arm_Q,183.70837,-5.70564,-177.47214,22
cross_Q,-5.70564,251.39846,-243.12319,450
ground_main_plane,-177.47214,-243.12319,496.14596,360
c_connector_arm_Q,203.17597,-6.80649,-195.79082,22
cross_Q,-6.80649,251.41484,-242.03607,450
ground_main_plane,-195.79082,-242.03607,513.32392,410
c_connector_arm_Q,47.12715,-0.5652,-46.43458,22
cross_Q,-0.5652,279.89021,-276.6334,500
ground_main_plane,-46.43458,-276.6334,403.82204,10
c_connector_arm_Q,66.23582,-0.91677,-65.13611,22
cross_Q,-0.91677,279.96052,-276.35161,500
ground_main_plane,-65.13611,-276.35161,422.11626,60
c_connector_arm_Q,85.77368,-1.52445,-84.01594,22
cross_Q,-1.52445,280.10327,-275.87722,500
ground_main_plane,-84.01594,-275.87722,440.3473,110
c_connector_arm_Q,105.36295,-2.25628,-102.8257,22
cross_Q,-2.25628,280.1768,-275.21819,500
ground_main_plane,-102.8257,-275.21819,458.40699,160
c_connector_arm_Q,125.17022,-3.04462,-121.79206,22
cross_Q,-3.04462,280.46264,-274.69909,500
ground_main_plane,-121.79206,-274.69909,476.61372,210
c_connector_arm_Q,144.38733,-3.86409,-140.14118,22
cross_Q,-3.86409,280.10481,-273.53602,500
ground_main_plane,-140.14118,-273.53602,493.98748,260
c_connector_arm_Q,164.00692,-4.71652,-158.86188,22
cross_Q,-4.71652,280.11388,-272.69385,500
ground_main_plane,-158.86188,-272.69385,511.80552,310
c_connector_arm_Q,183.72541,-5.58638,-177.66349,22
cross_Q,-5.58638,280.23148,-271.93377,500
ground_main_plane,-177.66349,-271.93377,529.67418,360
c_connector_arm_Q,203.37231,-6.52139,-196.32455,22
cross_Q,-6.52139,280.19973,-270.96157,500
ground_main_plane,-196.32455,-270.96157,547.17249,410
c_connector_arm_Q,222.89382,-7.63665,-214.681,22
cross_Q,-7.63665,280.21471,-269.86291,500
ground_main_plane,-214.681,-269.86291,564.51888,460
c_connector_arm_Q,50.44461,-0.54365,-49.51048,30
cross_Q,-0.54365,26.59929,-25.33174,50
ground_main_plane,-49.51048,-25.33174,114.20214,10
c_connector_arm_Q,50.44218,-0.57641,-49.53585,30
cross_Q,-0.57641,52.18605,-50.226,100
ground_main_plane,-49.53585,-50.226,142.95244,10
c_connector_arm_Q,69.56653,-0.93005,-68.17228,30
cross_Q,-0.93005,52.22291,-49.90894,100
ground_main_plane,-68.17228,-49.90894,161.07582,60
c_connector_arm_Q,50.47924,-0.55076,-49.65446,30
cross_Q,-0.55076,79.62531,-77.25692,150
ground_main_plane,-49.65446,-77.25692,174.65552,10
c_connector_arm_Q,69.51705,-0.86324,-68.2641,30
cross_Q,-0.86324,79.61476,-76.93394,150
ground_main_plane,-68.2641,-76.93394,192.8428,60
c_connector_arm_Q,89.58538,-1.45872,-87.6268,30
cross_Q,-1.45872,79.81945,-76.56094,150
ground_main_plane,-87.6268,-76.56094,211.70648,110
c_connector_arm_Q,50.4333,-0.5283,-49.66082,30
cross_Q,-0.5283,107.86382,-105.38125,200
ground_main_plane,-49.66082,-105.38125,207.90669,10
c_connector_arm_Q,69.44999,-0.82217,-68.2892,30
cross_Q,-0.82217,107.83823,-105.06486,200
ground_main_plane,-68.2892,-105.06486,226.1966,60
c_connector_arm_Q,89.0562,-1.33621,-87.28896,30
cross_Q,-1.33621,107.84239,-104.54802,200
ground_main_plane,-87.28896,-104.54802,244.39405,110
c_connector_arm_Q,108.62066,-2.08642,-106.01697,30
cross_Q,-2.08642,107.83421,-103.78903,200
ground_main_plane,-106.01697,-103.78903,262.27884,160
c_connector_arm_Q,50.43429,-0.52194,-49.70712,30
cross_Q,-0.52194,136.14481,-133.36749,250
ground_main_plane,-49.70712,-133.36749,240.43091,10
c_connector_arm_Q,68.46814,-0.79624,-67.38037,30
cross_Q,-0.79624,135.21643,-132.1594,250
ground_main_plane,-67.38037,-132.1594,257.34087,60
c_connector_arm_Q,89.12904,-1.27964,-87.47413,30
cross_Q,-1.27964,136.24089,-132.68361,250
ground_main_plane,-87.47413,-132.68361,277.25188,110
c_connector_arm_Q,108.64585,-1.91929,-106.26335,30
cross_Q,-1.91929,136.22301,-132.02515,250
ground_main_plane,-106.26335,-132.02515,295.30611,160
